USE BlueJacket

INSERT INTO MsCustomer
VALUES	('MC001','Nara Andini','Female','Mawar Baru Street Blok A1 No.09','081578901265'),
		('MC002','Kenzo Olardi','Male','Setia Budi Street Blok C No.123','082287136298'),
		('MC003','Shafa Laurencia','Female','Duyung Asri Street Blok D No. 17','081311786990'),
		('MC004','Angela Olivia','Female','Pergudangan Labers Street Blok B No 12','082220022000'),
		('MC005','Farah Dyandra','Female','Nusa Bunga Street Blok E No. 14','081217130517'),
		('MC006','Hanifa Aurelia','Female','Pengumuman Suku Street Blok A No. 24','081357698976'),
		('MC007','Hafizh Wijaya','Male','Kijang Cemara Street Blok D No. 01','089890023457'),
		('MC008','Azzahra Calista','Female','Sales Andalus Street Blok C No.155','081858905134'),
		('MC009','Fauzi Rendra','Male','Sejahtera Kota II Street No. 04','085867901267'),
		('MC010','Alvin Anggara','Male','Hikirin Jaya Street Blok F No. 0.2 ','087867125098'),
		('MC011','Dimas Olardo','Male','Alara Indah Street No. 19','087899056906'),
		('MC012','Chilla Arini','Female','Mencari Biru Street Blok A2 No. 09','081865126348'),
		('MC013','Andrean Maldini','Male','Jenderal Agung Street Blok C No. 18','081367525711'),
		('MC014','Sebastian Siregar','Male','Taman Sari Dutamas Street Blok A No. 10','082214235867'),
		('MC015','Iriana Sarah','Female','Eden Day Street No. 12','089899692655')

INSERT INTO MsStaff
VALUES	('MS001','Tiara Budiman','Female','Tiara.budiman25@gmail.com','082112312312',5000000),
		('MS002','Miracle Niudi','Female','Miracle0301.niudi@gmail.com','089876543210',5230000),
		('MS003','Tono Sebastian','Male','Sebastian.tono123@gmai.com','087765678901',12000000),
		('MS004','Jamal Nasarudin','Male','Nasarudijml235@gmail.com','085212041204',15250000),
		('MS005','Angellica Venecia','Female','Vene.Angel85@gmail.com','081122334455',14500000),
		('MS006','Nadia Kumalasari','Female','Kumalasari0301.Nadia@gmail.com','082244668800',50000000),
		('MS007','Aura Prislila','Female','Marpaungaura.priskila@gmail.com','085417181910',65000000),
		('MS008','Daniel Washington','Male','Washington002Daniel@gmail.com','081200900080',75000000),
		('MS009','Eunike Megumi','Female','Megumi0301eunike@gmail.com','089612309909',9500000),
		('MS010','Tiziara Amber','Female','Amber.Tizi0301@gmail.com','081367675656',12500000),
		('MS011','Amber Michele','Female','Micheleamber2502@gmail.com','081149201038',90500000),
		('MS012','Reynold Purnomo','Male','Purnomo25.Reynold@gmail.com','082224242424',25000000),
		('MS013','Arnold Kumalasari','Male','Kumalasariarnold40@gmail.com','089880188108',45200000),
		('MS014','Lazuardi Purnomo','Male','Purnomo.Lazuardi03@gmail.com','085277877787',4200000),
		('MS015','Nikita Kumalasari','Female','Kumalasari.Nikita90@gmail.com','081310101212',65500000)

INSERT INTO MsVendor
VALUES	('MV001','PT. Pakaian Jaya Abadi','info.center@pakaianabadi.com','082212348832','Hans Maverick Street No. 06'),
		('MV002','PT. Best World Property','customer@bestworld.co.id','083215448112','Anggur Naga Street Blok C No. 17'),
		('MV003','PT. Kain Bahagia','hrinformation@kainbahagia.co.id','082782348112','Simpang Seraya Street No. 08'),
		('MV004','PT. Baramulti Mining','csbaramultimining@gmail.com','083211348786','Melon Park Street No. 20'),
		('MV005','PT. Aditama Indonesia','info@aditama.co.id','082212098732','Agung Setia Street No. 29'),
		('MV006','PT. Makmur Sejahtera Tbk','customer.care@makmursejahtera.com','082698348212','Palmerah Street No. 70'),
		('MV007','PT. Aset Bangsa','layanan.peduli@asetbangsa.com','082031340980','Agung Setia Street No. 30'),
		('MV008','PT. Petro Sukses Bersama','cs@petrosukses.co.id','082411208800','Palmerah Street No. 11'),
		('MV009','PT. Happy Sutra','support@happytravel.com','086712340234','Simpang Seraya Street No. 101'),
		('MV010','PT. Lancar Transport','pr@lancartransport.com','089823340372','Anggur Naga Street Blok D No. 03'),
		('MV011','PT. Wol Abadi','customerservice@wolabadi.com','08167830090','Melon Park Street No. 80')

INSERT INTO MsJacketType
VALUES	('JT001','Bomber'),
		('JT002','Trucker'),
		('JT003','Denim'),
		('JT004','Hoodie'),
		('JT005','Parka'),
		('JT006','Pea Coat'),
		('JT007','Trench Coat'),
		('JT008','Raincoat'),
		('JT009','Crombie Coat'),
		('JT010','Varsity')

INSERT INTO MsJacketBrand
VALUES	('JB001','Guccy'),
		('JB002','H&N'),
		('JB003','Balencyaga'),
		('JB004','Versauce'),
		('JB005','Uniqla'),
		('JB006','Hermas'),
		('JB007','Niku'),
		('JB008','Prady'),
		('JB009','Adidus'),
		('JB010','Suprene')
	
INSERT INTO MsJacket
VALUES	('MJ001',200000,450000,500,'JT001','JB009'),
		('MJ002',275000,550000,1000,'JT002','JB009'),
		('MJ003',700000,1250000,500,'JT003','JB009'),
		('MJ004',3500000,3999000,50,'JT004','JB008'),
		('MJ005',1999000,2500000,100,'JT005','JB008'),
		('MJ006',4000000,4500000,85,'JT006','JB008'),
		('MJ007',9800000,12000000,25,'JT007','JB008'),
		('MJ008',560000,750000,750,'JT008','JB007'),
		('MJ009',270000,620000,800,'JT009','JB007'),
		('MJ010',500000,899999,650,'JT010','JB007'),
		('MJ011',35000000,45000000,15,'JT009','JB006'),
		('MJ012',28000000,32000000,25,'JT008','JB006'),
		('MJ013',25500000,27000000,20,'JT007','JB006'),
		('MJ014',15000000,19000000,75,'JT006','JB006'),
		('MJ015',220000,450000,300,'JT005','JB005'),
		('MJ016',175000,350000,200,'JT004','JB005'),
		('MJ017',250000,499999,250,'JT003','JB005'),
		('MJ018',150000,200000,800,'JT002','JB005'),
		('MJ019',48000000,60000000,10,'JT001','JB004'),
		('MJ020',56900000,75000000,5,'JT002','JB004'),
		('MJ021',75000000,90800000,5,'JT003','JB004'),
		('MJ022',12000000,18900000,15,'JT004','JB004'),
		('MJ023',16000000,19999999,12,'JT005','JB004'),
		('MJ024',5400000,7500000,30,'JT006','JB003'),
		('MJ025',12000000,14900000,35,'JT007','JB003'),
		('MJ026',9800000,11900000,40,'JT008','JB003'),
		('MJ027',125000,250000,800,'JT009','JB002'),
		('MJ028',75000,150000,650,'JT010','JB002'),
		('MJ029',50000,75000,900,'JT001','JB002'),
		('MJ030',59000000,65200000,464,'JT002','JB001'),
		('MJ031',12500000,24000000,243,'JT003','JB001'),
		('MJ032',11000000,13000000,331,'JT004','JB001'),
		('MJ033',9320000,11000000,978,'JT005','JB001'),
		('MJ034',6400000,9000000,155,'JT006','JB001'),
		('MJ035',1850000,2750000,854,'JT007','JB010'),
		('MJ036',2850000,3750000,116,'JT008','JB010'),
		('MJ037',3850000,4750000,15,'JT009','JB010'),
		('MJ038',4850000,5750000,705,'JT010','JB010'),
		('MJ039',5850000,6750000,789,'JT001','JB010'),
		('MJ040',6850000,7750000,882,'JT002','JB010')
	
INSERT INTO SalesHeader
VALUES	('SH001', 'MS001', 'MC011', '2021-02-01'),
		('SH002', 'MS002', 'MC012', '2021-02-06'),
		('SH003', 'MS009', 'MC010', '2021-02-08'),
		('SH004', 'MS014', 'MC010', '2021-05-14'),
		('SH005', 'MS005', 'MC009', '2021-06-16'),
		('SH006', 'MS007', 'MC001', '2021-06-17'),
		('SH007', 'MS003', 'MC001', '2021-07-16'),
		('SH008', 'MS005', 'MC008', '2021-07-31'),
		('SH009', 'MS002', 'MC011', '2021-08-14'),
		('SH010', 'MS007', 'MC011', '2021-08-23'),
		('SH011', 'MS004', 'MC007', '2021-09-14'),
		('SH012', 'MS011', 'MC007', '2021-10-08'),
		('SH013', 'MS010', 'MC006', '2021-11-12'),
		('SH014', 'MS006', 'MC003', '2021-11-19'),
		('SH015', 'MS005', 'MC004', '2021-12-02'),
		('SH016', 'MS008', 'MC005', '2021-12-21'),
		('SH017', 'MS014', 'MC001', '2022-01-12'),
		('SH018', 'MS012', 'MC008', '2022-02-21'),
		('SH019', 'MS015', 'MC006', '2022-02-25'),
		('SH020', 'MS012', 'MC009', '2022-03-09'),
		('SH021', 'MS014', 'MC010', '2022-04-18')
		
INSERT INTO SalesDetailTransaction
VALUES	('SH001','MJ001',10),
		('SH001','MJ005',6),
		('SH002','MJ007',15),
		('SH002','MJ008',20),
		('SH002','MJ012',28),
		('SH003','MJ034',41),
		('SH004','MJ033',14),
		('SH005','MJ021',28),
		('SH005','MJ025',55),
		('SH005','MJ038',51),
		('SH006','MJ040',48),
		('SH007','MJ011',72),
		('SH007','MJ019',66),
		('SH008','MJ005',15),
		('SH009','MJ001',43),
		('SH010','MJ007',23),
		('SH011','MJ027',22),
		('SH011','MJ028',11),
		('SH012','MJ005',76),
		('SH013','MJ007',13),
		('SH014','MJ016',32),
		('SH015','MJ026',11),
		('SH016','MJ036',19),
		('SH017','MJ033',21),
		('SH018','MJ014',26),
		('SH018','MJ009',24),
		('SH019','MJ039',37),
		('SH019','MJ040',41),
		('SH020','MJ014',39),
		('SH020','MJ016',19),
		('SH021','MJ007',16),
		('SH021','MJ017',32),
		('SH021','MJ027',16),
		('SH021','MJ037',17)

INSERT INTO PurchaseHeader
VALUES	('PH001','MS001','MV001','2021-01-07'),
		('PH002','MS013','MV011','2021-01-19'),
		('PH003','MS014','MV007','2021-02-02'),
		('PH004','MS002','MV008','2021-03-19'),
		('PH005','MS004','MV002','2021-03-22'),
		('PH006','MS006','MV003','2021-03-25'),
		('PH007','MS002','MV004','2021-05-07'),
		('PH008','MS009','MV008','2021-06-02'),
		('PH009','MS012','MV011','2021-08-31'),
		('PH010','MS007','MV009','2021-09-03'),
		('PH011','MS015','MV003','2021-10-09'),
		('PH012','MS003','MV006','2021-11-08'),
		('PH013','MS012','MV007','2021-11-13'),
		('PH014','MS006','MV011','2021-11-29'),
		('PH015','MS007','MV009','2021-12-24'),
		('PH016','MS010','MV006','2022-01-08'),
		('PH017','MS005','MV004','2022-02-02'),
		('PH018','MS006','MV002','2022-03-28'),
		('PH019','MS015','MV006','2022-05-21'),
		('PH020','MS008','MV007','2022-05-23'),
		('PH021','MS011','MV009','2022-06-18')

INSERT INTO PurchaseDetailTransaction
VALUES	('PH001','MJ016',4),
		('PH001','MJ023',12),
		('PH001','MJ034',1),
		('PH002','MJ022',78),
		('PH002','MJ028',5),
		('PH002','MJ034',23),
		('PH003','MJ006',41),
		('PH003','MJ007',7),
		('PH003','MJ008',71),
		('PH004','MJ011',11),
		('PH004','MJ015',31),
		('PH005','MJ009',2),
		('PH005','MJ011',3),
		('PH005','MJ016',4),
		('PH006','MJ008',5),
		('PH006','MJ009',18),
		('PH006','MJ010',8),
		('PH007','MJ011',23),
		('PH007','MJ015',6),
		('PH007','MJ022',4),
		('PH007','MJ023',5),
		('PH008','MJ005',50),
		('PH008','MJ007',8),
		('PH009','MJ016',12),
		('PH009','MJ024',9),
		('PH010','MJ003',10),
		('PH010','MJ006',20),
		('PH010','MJ009',4),
		('PH011','MJ011',33),
		('PH011','MJ014',11),
		('PH012','MJ028',1),
		('PH013','MJ003',7),
		('PH013','MJ016',12),
		('PH014','MJ014',18),
		('PH014','MJ004',19),
		('PH014','MJ021',4),
		('PH014','MJ027',6),
		('PH015','MJ036',12),
		('PH015','MJ040',3),
		('PH016','MJ001',9),
		('PH016','MJ006',4),
		('PH017','MJ014',14),
		('PH017','MJ018',12),
		('PH017','MJ025',7),
		('PH018','MJ034',25),
		('PH019','MJ031',64),
		('PH020','MJ030',12),
		('PH021','MJ029',99)